fipsCode4,url
001C,http://www.courts.state.va.us/courts/circuit/accomack/home.html
003C,http://www.courts.state.va.us/courts/circuit/albemarle/home.html
510C,http://www.courts.state.va.us/courts/circuit/alexandria/home.html
005C,http://www.courts.state.va.us/courts/circuit/alleghany/home.html
007C,http://www.courts.state.va.us/courts/circuit/amelia/home.html
009C,http://www.courts.state.va.us/courts/circuit/amherst/home.html
011C,http://www.courts.state.va.us/courts/circuit/appomattox/home.html
013C,http://www.courts.state.va.us/courts/circuit/arlington/home.html
015C,http://www.courts.state.va.us/courts/circuit/augusta/home.html
017C,http://www.courts.state.va.us/courts/circuit/bath/home.html
019C,http://www.courts.state.va.us/courts/circuit/bedford/home.html
021C,http://www.courts.state.va.us/courts/circuit/bland/home.html
023C,http://www.courts.state.va.us/courts/circuit/botetourt/home.html
520C,http://www.courts.state.va.us/courts/circuit/bristol/home.html
025C,http://www.courts.state.va.us/courts/circuit/brunswick/home.html
027C,http://www.courts.state.va.us/courts/circuit/buchanan/home.html
029C,http://www.courts.state.va.us/courts/circuit/buckingham/home.html
530C,http://www.courts.state.va.us/courts/circuit/buena_vista/home.html
031C,http://www.courts.state.va.us/courts/circuit/campbell/home.html
033C,http://www.courts.state.va.us/courts/circuit/caroline/home.html
035C,http://www.courts.state.va.us/courts/circuit/carroll/home.html
036C,http://www.courts.state.va.us/courts/circuit/charles_city/home.html
037C,http://www.courts.state.va.us/courts/circuit/charlotte/home.html
540C,http://www.courts.state.va.us/courts/circuit/charlottesville/home.html
550C,http://www.courts.state.va.us/courts/circuit/chesapeake/home.html
041C,http://www.courts.state.va.us/courts/circuit/chesterfield/home.html
043C,http://www.courts.state.va.us/courts/circuit/clarke/home.html
570C,http://www.courts.state.va.us/courts/circuit/colonial_heights/home.html
045C,http://www.courts.state.va.us/courts/circuit/craig/home.html
047C,http://www.courts.state.va.us/courts/circuit/culpeper/home.html
049C,http://www.courts.state.va.us/courts/circuit/cumberland/home.html
590C,http://www.courts.state.va.us/courts/circuit/danville/home.html
051C,http://www.courts.state.va.us/courts/circuit/dickenson/home.html
053C,http://www.courts.state.va.us/courts/circuit/dinwiddie/home.html
057C,http://www.courts.state.va.us/courts/circuit/essex/home.html
059C,http://www.courts.state.va.us/courts/circuit/fairfax/home.html
061C,http://www.courts.state.va.us/courts/circuit/fauquier/home.html
063C,http://www.courts.state.va.us/courts/circuit/floyd/home.html
065C,http://www.courts.state.va.us/courts/circuit/fluvanna/home.html
067C,http://www.courts.state.va.us/courts/circuit/franklin/home.html
069C,http://www.courts.state.va.us/courts/circuit/frederick/home.html
630C,http://www.courts.state.va.us/courts/circuit/fredericksburg/home.html
071C,http://www.courts.state.va.us/courts/circuit/giles/home.html
073C,http://www.courts.state.va.us/courts/circuit/gloucester/home.html
075C,http://www.courts.state.va.us/courts/circuit/goochland/home.html
077C,http://www.courts.state.va.us/courts/circuit/grayson/home.html
079C,http://www.courts.state.va.us/courts/circuit/greene/home.html
081C,http://www.courts.state.va.us/courts/circuit/greensville/home.html
083C,http://www.courts.state.va.us/courts/circuit/halifax/home.html
650C,http://www.courts.state.va.us/courts/circuit/hampton/home.html
085C,http://www.courts.state.va.us/courts/circuit/hanover/home.html
087C,http://www.courts.state.va.us/courts/circuit/henrico/home.html
089C,http://www.courts.state.va.us/courts/circuit/henry/home.html
091C,http://www.courts.state.va.us/courts/circuit/highland/home.html
670C,http://www.courts.state.va.us/courts/circuit/hopewell/home.html
093C,http://www.courts.state.va.us/courts/circuit/isle_of_wight/home.html
097C,http://www.courts.state.va.us/courts/circuit/king_and_queen/home.html
099C,http://www.courts.state.va.us/courts/circuit/king_george/home.html
101C,http://www.courts.state.va.us/courts/circuit/king_william/home.html
103C,http://www.courts.state.va.us/courts/circuit/lancaster/home.html
105C,http://www.courts.state.va.us/courts/circuit/lee/home.html
107C,http://www.courts.state.va.us/courts/circuit/loudoun/home.html
109C,http://www.courts.state.va.us/courts/circuit/louisa/home.html
111C,http://www.courts.state.va.us/courts/circuit/lunenburg/home.html
680C,http://www.courts.state.va.us/courts/circuit/lynchburg/home.html
113C,http://www.courts.state.va.us/courts/circuit/madison/home.html
690C,http://www.courts.state.va.us/courts/circuit/martinsville/home.html
115C,http://www.courts.state.va.us/courts/circuit/mathews/home.html
117C,http://www.courts.state.va.us/courts/circuit/mecklenburg/home.html
119C,http://www.courts.state.va.us/courts/circuit/middlesex/home.html
121C,http://www.courts.state.va.us/courts/circuit/montgomery/home.html
125C,http://www.courts.state.va.us/courts/circuit/nelson/home.html
127C,http://www.courts.state.va.us/courts/circuit/new_kent/home.html
700C,http://www.courts.state.va.us/courts/circuit/newport_news/home.html
710C,http://www.courts.state.va.us/courts/circuit/norfolk/home.html
131C,http://www.courts.state.va.us/courts/circuit/northampton/home.html
133C,http://www.courts.state.va.us/courts/circuit/northumberland/home.html
135C,http://www.courts.state.va.us/courts/circuit/nottoway/home.html
137C,http://www.courts.state.va.us/courts/circuit/orange/home.html
139C,http://www.courts.state.va.us/courts/circuit/page/home.html
141C,http://www.courts.state.va.us/courts/circuit/patrick/home.html
730C,http://www.courts.state.va.us/courts/circuit/petersburg/home.html
143C,http://www.courts.state.va.us/courts/circuit/pittsylvania/home.html
740C,http://www.courts.state.va.us/courts/circuit/portsmouth/home.html
145C,http://www.courts.state.va.us/courts/circuit/powhatan/home.html
147C,http://www.courts.state.va.us/courts/circuit/prince_edward/home.html
149C,http://www.courts.state.va.us/courts/circuit/prince_george/home.html
153C,http://www.courts.state.va.us/courts/circuit/prince_william/home.html
155C,http://www.courts.state.va.us/courts/circuit/pulaski/home.html
750C,http://www.courts.state.va.us/courts/circuit/radford/home.html
157C,http://www.courts.state.va.us/courts/circuit/rappahannock/home.html
760C,http://www.courts.state.va.us/courts/circuit/richmond/home.html
159C,http://www.courts.state.va.us/courts/circuit/richmond_county/home.html
770C,http://www.courts.state.va.us/courts/circuit/roanoke_city/home.html
161C,http://www.courts.state.va.us/courts/circuit/richmond_county/home.html
163C,http://www.courts.state.va.us/courts/circuit/rockbridge/home.html
165C,http://www.courts.state.va.us/courts/circuit/rockingham/home.html
167C,http://www.courts.state.va.us/courts/circuit/russell/home.html
775C,http://www.courts.state.va.us/courts/circuit/salem/home.html
169C,http://www.courts.state.va.us/courts/circuit/scott/home.html
171C,http://www.courts.state.va.us/courts/circuit/shenandoah/home.html
173C,http://www.courts.state.va.us/courts/circuit/smyth/home.html
175C,http://www.courts.state.va.us/courts/circuit/southampton/home.html
177C,http://www.courts.state.va.us/courts/circuit/spotsylvania/home.html
179C,http://www.courts.state.va.us/courts/circuit/stafford/home.html
790C,http://www.courts.state.va.us/courts/circuit/staunton/home.html
800C,http://www.courts.state.va.us/courts/circuit/suffolk/home.html
181C,http://www.courts.state.va.us/courts/circuit/surry/home.html
183C,http://www.courts.state.va.us/courts/circuit/sussex/home.html
185C,http://www.courts.state.va.us/courts/circuit/tazewell/home.html
810C,http://www.courts.state.va.us/courts/circuit/virginia_beach/home.html
187C,http://www.courts.state.va.us/courts/circuit/warren/home.html
191C,http://www.courts.state.va.us/courts/circuit/washington/home.html
820C,http://www.courts.state.va.us/courts/circuit/waynesboro/home.html
193C,http://www.courts.state.va.us/courts/circuit/westmoreland/home.html
830C,http://www.courts.state.va.us/courts/circuit/Williamsburg~James_City_County/home.html
840C,http://www.courts.state.va.us/courts/circuit/winchester/home.html
195C,http://www.courts.state.va.us/courts/circuit/wise/home.html
197C,http://www.courts.state.va.us/courts/circuit/wythe/home.html
199C,http://www.courts.state.va.us/courts/circuit/york_county_poquoson/home.html
001G,http://www.courts.state.va.us/courts/gd/accomack/home.html
003G,http://www.courts.state.va.us/courts/gd/albemarle/home.html
510G,http://www.courts.state.va.us/courts/gd/alexandria/home.html
005G,http://www.courts.state.va.us/courts/combined/alleghany/home.html
007G,http://www.courts.state.va.us/courts/combined/amelia/home.html
009G,http://www.courts.state.va.us/courts/gd/amherst/home.html
011G,http://www.courts.state.va.us/courts/gd/appomattox/home.html
013G,http://www.courts.state.va.us/courts/gd/arlington/home.html
015G,http://www.courts.state.va.us/courts/gd/augusta/home.html
017G,http://www.courts.state.va.us/courts/combined/bath/home.html
019G,http://www.courts.state.va.us/courts/gd/bedford/home.html
021G,http://www.courts.state.va.us/courts/combined/bland/home.html
023G,http://www.courts.state.va.us/courts/gd/botetourt/home.html
520G,http://www.courts.state.va.us/courts/gd/bristol/home.html
025G,http://www.courts.state.va.us/courts/combined/brunswick/home.html
027G,http://www.courts.state.va.us/courts/combined/buchanan/home.html
029G,http://www.courts.state.va.us/courts/combined/buckingham/home.html
530G,http://www.courts.state.va.us/courts/combined/buena_vista/home.html
031G,http://www.courts.state.va.us/courts/gd/campbell/home.html
033G,http://www.courts.state.va.us/courts/gd/caroline/home.html
035G,http://www.courts.state.va.us/courts/gd/carroll/home.html
036G,http://www.courts.state.va.us/courts/combined/charles_city/home.html
037G,http://www.courts.state.va.us/courts/gd/charlotte/home.html
540G,http://www.courts.state.va.us/courts/gd/charlottesville/home.html
550G,http://www.courts.state.va.us/courts/gd/chesapeake/home.html
041G,http://www.courts.state.va.us/courts/gd/chesterfield/home.html
043G,http://www.courts.state.va.us/courts/gd/clarke/home.html
570G,http://www.courts.state.va.us/courts/gd/colonial_heights/home.html
045G,http://www.courts.state.va.us/courts/combined/craig/home.html
047G,http://www.courts.state.va.us/courts/gd/culpeper/home.html
049G,http://www.courts.state.va.us/courts/combined/cumberland/home.html
590G,http://www.courts.state.va.us/courts/gd/danville/home.html
051G,http://www.courts.state.va.us/courts/combined/dickenson/home.html
053G,http://www.courts.state.va.us/courts/combined/dinwiddie/home.html
595G,http://www.courts.state.va.us/courts/combined/emporia/home.html
057G,http://www.courts.state.va.us/courts/combined/essex/home.html
600G,http://www.courts.state.va.us/courts/gd/fairfax_city/home.html
059G,http://www.courts.state.va.us/courts/gd/fairfax_county/home.html
610G,http://www.courts.state.va.us/courts/combined/falls_church/home.html
061G,http://www.courts.state.va.us/courts/gd/fauquier/home.html
063G,http://www.courts.state.va.us/courts/combined/floyd/home.html
065G,http://www.courts.state.va.us/courts/combined/fluvanna/home.html
620G,http://www.courts.state.va.us/courts/combined/franklin_city/home.html
067G,http://www.courts.state.va.us/courts/gd/franklin_county/home.html
069G,http://www.courts.state.va.us/courts/gd/Frederick~Winchester/home.html
630G,http://www.courts.state.va.us/courts/gd/fredericksburg/home.html
640G,http://www.courts.state.va.us/courts/combined/galax/home.html
071G,http://www.courts.state.va.us/courts/gd/giles/home.html
073G,http://www.courts.state.va.us/courts/gd/gloucester/home.html
075G,http://www.courts.state.va.us/courts/combined/goochland/home.html
077G,http://www.courts.state.va.us/courts/combined/grayson/home.html
079G,http://www.courts.state.va.us/courts/combined/greene/home.html
081G,http://www.courts.state.va.us/courts/combined/greensville/home.html
083G,http://www.courts.state.va.us/courts/gd/halifax/home.html
650G,http://www.courts.state.va.us/courts/gd/hampton/home.html
085G,http://www.courts.state.va.us/courts/gd/hanover/home.html
165G,http://www.courts.state.va.us/courts/gd/Harrisonburg~Rockingham/home.html
087G,http://www.courts.state.va.us/courts/gd/henrico/home.html
089G,http://www.courts.state.va.us/courts/gd/henry/home.html
091G,http://www.courts.state.va.us/courts/combined/highland/home.html
670G,http://www.courts.state.va.us/courts/combined/hopewell/home.html
093G,http://www.courts.state.va.us/courts/gd/isle_of_wight/home.html
097G,http://www.courts.state.va.us/courts/gd/king_and_queen/home.html
099G,http://www.courts.state.va.us/courts/combined/king_george/home.html
101G,http://www.courts.state.va.us/courts/gd/king_william/home.html
103G,http://www.courts.state.va.us/courts/gd/lancaster/home.html
105G,http://www.courts.state.va.us/courts/gd/lee/home.html
163G,http://www.courts.state.va.us/courts/gd/Lexington~Rockbridge/home.html
107G,http://www.courts.state.va.us/courts/gd/loudoun/home.html
109G,http://www.courts.state.va.us/courts/gd/louisa/home.html
111G,http://www.courts.state.va.us/courts/combined/lunenburg/home.html
680G,http://www.courts.state.va.us/courts/gd/lynchburg/home.html
113G,http://www.courts.state.va.us/courts/combined/madison/home.html
690G,http://www.courts.state.va.us/courts/gd/martinsville/home.html
115G,http://www.courts.state.va.us/courts/gd/mathews/home.html
117G,http://www.courts.state.va.us/courts/gd/mecklenburg/home.html
119G,http://www.courts.state.va.us/courts/gd/middlesex/home.html
121G,http://www.courts.state.va.us/courts/gd/montgomery/home.html
125G,http://www.courts.state.va.us/courts/gd/nelson/home.html
127G,http://www.courts.state.va.us/courts/gd/new_kent/home.html
703G,http://www.courts.state.va.us/courts/gd/Newport_News-Civil/home.html
701G,http://www.courts.state.va.us/courts/gd/Newport_News-Criminal/home.html
702G,http://www.courts.state.va.us/courts/gd/Newport_News-Traffic/home.html
713G,http://www.courts.state.va.us/courts/gd/norfolk/home.html
713G,http://www.courts.state.va.us/courts/gd/norfolk/home.html
711G,http://www.courts.state.va.us/courts/gd/norfolk/home.html
712G,http://www.courts.state.va.us/courts/gd/norfolk/home.html
131G,http://www.courts.state.va.us/courts/gd/northampton/home.html
133G,http://www.courts.state.va.us/courts/gd/northumberland/home.html
135G,http://www.courts.state.va.us/courts/combined/nottoway/home.html
137G,http://www.courts.state.va.us/courts/gd/orange/home.html
139G,http://www.courts.state.va.us/courts/gd/page/home.html
141G,http://www.courts.state.va.us/courts/gd/patrick/home.html
730G,http://www.courts.state.va.us/courts/gd/petersburg/home.html
143G,http://www.courts.state.va.us/courts/gd/pittsylvania/home.html
740G,http://www.courts.state.va.us/courts/gd/portsmouth/home.html
145G,http://www.courts.state.va.us/courts/combined/powhatan/home.html
147G,http://www.courts.state.va.us/courts/gd/prince_edward/home.html
149G,http://www.courts.state.va.us/courts/combined/prince_george/home.html
153G,http://www.courts.state.va.us/courts/gd/prince_william/home.html
155G,http://www.courts.state.va.us/courts/gd/pulaski/home.html
750G,http://www.courts.state.va.us/courts/combined/radford/home.html
157G,http://www.courts.state.va.us/courts/combined/rappahannock/home.html
159G,http://www.courts.state.va.us/courts/combined/richmond_county/home.html
763G,http://www.courts.state.va.us/courts/gd/Richmond-Civil/home.html
761G,http://www.courts.state.va.us/courts/gd/Richmond-John_Marshall_Criminal-Traffic/home.html
762G,http://www.courts.state.va.us/courts/gd/Richmond-John_Marshall_Criminal-Traffic/home.html
764G,http://www.courts.state.va.us/courts/gd/Richmond-Marsh_Criminal-Traffic_at_Manchester/home.html
770G,http://www.courts.state.va.us/courts/gd/roanoke_city/home.html
161G,http://www.courts.state.va.us/courts/gd/roanoke_county/home.html
167G,http://www.courts.state.va.us/courts/combined/russell/home.html
775G,http://www.courts.state.va.us/courts/combined/salem/home.html
169G,http://www.courts.state.va.us/courts/combined/scott/home.html
171G,http://www.courts.state.va.us/courts/gd/shenandoah/home.html
173G,http://www.courts.state.va.us/courts/gd/smyth/home.html
175G,http://www.courts.state.va.us/courts/combined/southampton/home.html
177G,http://www.courts.state.va.us/courts/gd/spotsylvania/home.html
179G,http://www.courts.state.va.us/courts/gd/stafford/home.html
790G,http://www.courts.state.va.us/courts/gd/staunton/home.html
800G,http://www.courts.state.va.us/courts/gd/suffolk/home.html
181G,http://www.courts.state.va.us/courts/combined/surry/home.html
183G,http://www.courts.state.va.us/courts/combined/sussex/home.html
185G,http://www.courts.state.va.us/courts/gd/tazewell/home.html
810G,http://www.courts.state.va.us/courts/gd/virginia_beach/home.html
187G,http://www.courts.state.va.us/courts/gd/warren/home.html
191G,http://www.courts.state.va.us/courts/gd/washington/home.html
820G,http://www.courts.state.va.us/courts/gd/waynesboro/home.html
193G,http://www.courts.state.va.us/courts/gd/westmoreland/home.html
830G,http://www.courts.state.va.us/courts/gd/Williamsburg~James_City_County/home.html
840G,http://www.courts.state.va.us/courts/gd/Winchester~Frederick/home.html
195G,http://www.courts.state.va.us/courts/gd/Wise~Norton/home.html
197G,http://www.courts.state.va.us/courts/gd/wythe/home.html
199G,http://www.courts.state.va.us/courts/gd/york/home.html
001J,http://www.courts.state.va.us/courts/jdr/accomack/home.html
003J,http://www.courts.state.va.us/courts/jdr/albemarle/home.html
510J,http://www.courts.state.va.us/courts/jdr/alexandria/home.html
005J,http://www.courts.state.va.us/courts/combined/alleghany/home.html
007J,http://www.courts.state.va.us/courts/combined/amelia/home.html
009J,http://www.courts.state.va.us/courts/jdr/amherst/home.html
011J,http://www.courts.state.va.us/courts/jdr/appomattox/home.html
013J,http://www.courts.state.va.us/courts/jdr/arlington/home.html
015J,http://www.courts.state.va.us/courts/jdr/augusta/home.html
017J,http://www.courts.state.va.us/courts/combined/bath/home.html
019J,http://www.courts.state.va.us/courts/jdr/bedford/home.html
021J,http://www.courts.state.va.us/courts/combined/bland/home.html
023J,http://www.courts.state.va.us/courts/jdr/botetourt/home.html
520J,http://www.courts.state.va.us/courts/jdr/bristol/home.html
025J,http://www.courts.state.va.us/courts/combined/brunswick/home.html
027J,http://www.courts.state.va.us/courts/combined/buchanan/home.html
029J,http://www.courts.state.va.us/courts/combined/buckingham/home.html
530J,http://www.courts.state.va.us/courts/combined/buena_vista/home.html
031J,http://www.courts.state.va.us/courts/jdr/campbell/home.html
033J,http://www.courts.state.va.us/courts/jdr/caroline/home.html
035J,http://www.courts.state.va.us/courts/jdr/carroll/home.html
036J,http://www.courts.state.va.us/courts/combined/charles_city/home.html
037J,http://www.courts.state.va.us/courts/jdr/charlotte/home.html
540J,http://www.courts.state.va.us/courts/jdr/charlottesville/home.html
550J,http://www.courts.state.va.us/courts/jdr/chesapeake/home.html
041J,http://www.courts.state.va.us/courts/jdr/chesterfield/home.html
043J,http://www.courts.state.va.us/courts/jdr/clarke/home.html
570J,http://www.courts.state.va.us/courts/jdr/colonial_heights/home.html
045J,http://www.courts.state.va.us/courts/combined/craig/home.html
047J,http://www.courts.state.va.us/courts/jdr/culpeper/home.html
049J,http://www.courts.state.va.us/courts/combined/cumberland/home.html
590J,http://www.courts.state.va.us/courts/jdr/danville/home.html
051J,http://www.courts.state.va.us/courts/combined/dickenson/home.html
053J,http://www.courts.state.va.us/courts/combined/dinwiddie/home.html
595J,http://www.courts.state.va.us/courts/combined/emporia/home.html
057J,http://www.courts.state.va.us/courts/combined/essex/home.html
059J,http://www.courts.state.va.us/courts/jdr/fairfax_county/home.html
610J,http://www.courts.state.va.us/courts/combined/falls_church/home.html
061J,http://www.courts.state.va.us/courts/jdr/fauquier/home.html
063J,http://www.courts.state.va.us/courts/combined/floyd/home.html
065J,http://www.courts.state.va.us/courts/combined/fluvanna/home.html
620J,http://www.courts.state.va.us/courts/combined/franklin_city/home.html
067J,http://www.courts.state.va.us/courts/jdr/franklin_county/home.html
069J,http://www.courts.state.va.us/courts/jdr/Frederick~Winchester/home.html
630J,http://www.courts.state.va.us/courts/jdr/fredericksburg/home.html
640J,http://www.courts.state.va.us/courts/combined/galax/home.html
071J,http://www.courts.state.va.us/courts/jdr/giles/home.html
073J,http://www.courts.state.va.us/courts/jdr/gloucester/home.html
075J,http://www.courts.state.va.us/courts/combined/goochland/home.html
077J,http://www.courts.state.va.us/courts/combined/grayson/home.html
079J,http://www.courts.state.va.us/courts/combined/greene/home.html
081J,http://www.courts.state.va.us/courts/combined/greensville/home.html
083J,http://www.courts.state.va.us/courts/jdr/halifax/home.html
650J,http://www.courts.state.va.us/courts/jdr/hampton/home.html
085J,http://www.courts.state.va.us/courts/jdr/hanover/home.html
165J,http://www.courts.state.va.us/courts/jdr/Harrisonburg~Rockingham/home.html
087J,http://www.courts.state.va.us/courts/jdr/henrico/home.html
089J,http://www.courts.state.va.us/courts/jdr/henry/home.html
091J,http://www.courts.state.va.us/courts/combined/highland/home.html
670J,http://www.courts.state.va.us/courts/combined/hopewell/home.html
093J,http://www.courts.state.va.us/courts/jdr/isle_of_wight/home.html
097J,http://www.courts.state.va.us/courts/jdr/king_and_queen/home.html
099J,http://www.courts.state.va.us/courts/combined/king_george/home.html
101J,http://www.courts.state.va.us/courts/jdr/king_william/home.html
103J,http://www.courts.state.va.us/courts/jdr/lancaster/home.html
105J,http://www.courts.state.va.us/courts/jdr/lee/home.html
163J,http://www.courts.state.va.us/courts/jdr/Lexington~Rockbridge/home.html
107J,http://www.courts.state.va.us/courts/jdr/loudoun/home.html
109J,http://www.courts.state.va.us/courts/jdr/louisa/home.html
111J,http://www.courts.state.va.us/courts/combined/lunenburg/home.html
680J,http://www.courts.state.va.us/courts/jdr/lynchburg/home.html
113J,http://www.courts.state.va.us/courts/combined/madison/home.html
690J,http://www.courts.state.va.us/courts/jdr/martinsville/home.html
115J,http://www.courts.state.va.us/courts/jdr/mathews/home.html
117J,http://www.courts.state.va.us/courts/jdr/mecklenburg/home.html
119J,http://www.courts.state.va.us/courts/jdr/middlesex/home.html
121J,http://www.courts.state.va.us/courts/jdr/montgomery/home.html
125J,http://www.courts.state.va.us/courts/jdr/nelson/home.html
127J,http://www.courts.state.va.us/courts/jdr/new_kent/home.html
700J,http://www.courts.state.va.us/courts/jdr/newport_news/home.html
710J,http://www.courts.state.va.us/courts/jdr/norfolk/home.html
131J,http://www.courts.state.va.us/courts/jdr/northampton/home.html
133J,http://www.courts.state.va.us/courts/jdr/northumberland/home.html
135J,http://www.courts.state.va.us/courts/combined/nottoway/home.html
137J,http://www.courts.state.va.us/courts/jdr/orange/home.html
139J,http://www.courts.state.va.us/courts/jdr/page/home.html
141J,http://www.courts.state.va.us/courts/jdr/patrick/home.html
730J,http://www.courts.state.va.us/courts/jdr/petersburg/home.html
143J,http://www.courts.state.va.us/courts/jdr/pittsylvania/home.html
740J,http://www.courts.state.va.us/courts/jdr/portsmouth/home.html
145J,http://www.courts.state.va.us/courts/combined/powhatan/home.html
147J,http://www.courts.state.va.us/courts/jdr/prince_edward/home.html
149J,http://www.courts.state.va.us/courts/combined/prince_george/home.html
153J,http://www.courts.state.va.us/courts/jdr/prince_william/home.html
155J,http://www.courts.state.va.us/courts/jdr/pulaski/home.html
750J,http://www.courts.state.va.us/courts/combined/radford/home.html
157J,http://www.courts.state.va.us/courts/combined/rappahannock/home.html
760J,http://www.courts.state.va.us/courts/jdr/richmond/home.html
159J,http://www.courts.state.va.us/courts/combined/richmond_county/home.html
770J,http://www.courts.state.va.us/courts/jdr/roanoke_city/home.html
161J,http://www.courts.state.va.us/courts/jdr/roanoke_county/home.html
167J,http://www.courts.state.va.us/courts/combined/russell/home.html
775J,http://www.courts.state.va.us/courts/combined/salem/home.html
169J,http://www.courts.state.va.us/courts/combined/scott/home.html
171J,http://www.courts.state.va.us/courts/jdr/shenandoah/home.html
173J,http://www.courts.state.va.us/courts/jdr/smyth/home.html
175J,http://www.courts.state.va.us/courts/combined/southampton/home.html
177J,http://www.courts.state.va.us/courts/jdr/spotsylvania/home.html
179J,http://www.courts.state.va.us/courts/jdr/stafford/home.html
790J,http://www.courts.state.va.us/courts/jdr/staunton/home.html
800J,http://www.courts.state.va.us/courts/jdr/suffolk/home.html
181J,http://www.courts.state.va.us/courts/combined/surry/home.html
183J,http://www.courts.state.va.us/courts/combined/sussex/home.html
185J,http://www.courts.state.va.us/courts/jdr/tazewell/home.html
810J,http://www.courts.state.va.us/courts/jdr/virginia_beach/home.html
187J,http://www.courts.state.va.us/courts/jdr/warren/home.html
191J,http://www.courts.state.va.us/courts/jdr/washington/home.html
820J,http://www.courts.state.va.us/courts/jdr/waynesboro/home.html
193J,http://www.courts.state.va.us/courts/jdr/westmoreland/home.html
830J,http://www.courts.state.va.us/courts/jdr/Williamsburg~James_City_County/home.html
840J,http://www.courts.state.va.us/courts/jdr/Winchester~Frederick/home.html
195J,http://www.courts.state.va.us/courts/jdr/wise/home.html
197J,http://www.courts.state.va.us/courts/jdr/wythe/home.html
199J,http://www.courts.state.va.us/courts/jdr/york/home.html

